{
  "title": "Turtle Graphics",
  "commands": [
    {"action": "penup", "duration": 0},
    {"action": "goto", "x": -100, "y": 0, "duration": 0},
    {"action": "pendown", "duration": 0},
    {"action": "pensize", "size": 2, "duration": 0},

    {"action": "setheading", "angle": 90, "duration": 0},
    {"action": "forward", "distance": 100, "duration": 0},
    {"action": "setheading", "angle": 0, "duration": 0},
    {"action": "forward", "distance": 200, "duration": 0},
    {"action": "setheading", "angle": 270, "duration": 0},
    {"action": "forward", "distance": 100, "duration": 0},
    {"action": "setheading", "angle": 180, "duration": 0},
    {"action": "forward", "distance": 200, "duration": 0},
    {"action": "pensize", "size": 1, "duration": 0},

    {"action": "penup", "duration": 0},
    {"action": "goto", "x": -100, "y": 80, "duration": 0},
    {"action": "pendown", "duration": 0},
    {"action": "setheading", "angle": 180, "duration": 0},
    {"action": "forward", "distance": 100, "duration": 0},

    {"action": "penup", "duration": 0},
    {"action": "goto", "x": -235, "y": 80, "duration": 0},
    {"action": "pendown", "duration": 0},
    {"action": "write", "text": "BAT+", "duration": 0},

    {"action": "penup", "duration": 0},
    {"action": "goto", "x": -90, "y": 72, "duration": 0},
    {"action": "pendown", "duration": 0},
    {"action": "write", "text": "+", "font": ["Arial", 14, "bold"], "duration": 0},

    {"action": "penup", "duration": 0},
    {"action": "goto", "x": 100, "y": 80, "duration": 0},
    {"action": "pendown", "duration": 0},
    {"action": "setheading", "angle": 0, "duration": 0},
    {"action": "forward", "distance": 100, "duration": 0},
    {"action": "setheading", "angle": 270, "duration": 0},
    {"action": "forward", "distance": 30, "duration": 0},

    {"action": "pensize", "size": 2, "duration": 0},
    {"action": "setheading", "angle": 0, "duration": 0},
    {"action": "forward", "distance": 30, "duration": 0},
    {"action": "backward", "distance": 60, "duration": 0},
    {"action": "penup", "duration": 0},
    {"action": "goto", "x": 200, "y": 42, "duration": 0},
    {"action": "pendown", "duration": 0},
    {"action": "setheading", "angle": 0, "duration": 0},
    {"action": "forward", "distance": 15, "duration": 0},
    {"action": "backward", "distance": 30, "duration": 0},
    {"action": "penup", "duration": 0},
    {"action": "goto", "x": 200, "y": 34, "duration": 0},
    {"action": "pendown", "duration": 0},
    {"action": "setheading", "angle": 0, "duration": 0},
    {"action": "forward", "distance": 7.5, "duration": 0},
    {"action": "backward", "distance": 15, "duration": 0},
    {"action": "pensize", "size": 1, "duration": 0},

    {"action": "penup", "duration": 0},
    {"action": "goto", "x": -50, "y": 48, "duration": 0},
    {"action": "pendown", "duration": 0},
    {"action": "write", "text": "Li+ Battery", "font": ["Arial", 14, "bold"], "duration": 0},

    {"action": "done", "duration": 0}
  ]
}
