{
    "title": "Turtle Graphics",
    "commands": [
      {"action": "penup", "duration": 0},
      {"action": "goto", "x": -100, "y": -100, "duration": 0},
      {"action": "pendown", "duration": 0},
      {"action": "pensize", "size": 2, "duration": 0},
  
      {"action": "setheading", "angle": 90, "duration": 0},
      {"action": "forward", "distance": 250, "duration": 0},
      {"action": "setheading", "angle": 0, "duration": 0},
      {"action": "forward", "distance": 200, "duration": 0},
      {"action": "setheading", "angle": 270, "duration": 0},
      {"action": "forward", "distance": 250, "duration": 0},
      {"action": "setheading", "angle": 180, "duration": 0},
      {"action": "forward", "distance": 200, "duration": 0},
      {"action": "pensize", "size": 1, "duration": 0},
      {"action": "penup", "duration": 0},
    {"action": "goto", "x": 80, "y": -50, "duration": 0},
    {"action": "pendown", "duration": 0},
    {"action": "write", "text": "IN2", "duration": 0},
    
    {"action": "penup", "duration": 0},
    {"action": "goto", "x": 100, "y": -50, "duration": 0},
    {"action": "pendown", "duration": 0},
    {"action": "setheading", "angle": 0, "duration": 0},
    {"action": "forward", "distance": 100, "duration": 0},
    
    {"action": "penup", "duration": 0},
    {"action": "goto", "x": 80, "y": 0, "duration": 0},
    {"action": "pendown", "duration": 0},
    {"action": "write", "text": "IN1", "duration": 0},
    
    {"action": "penup", "duration": 0},
    {"action": "goto", "x": 100, "y": 0, "duration": 0},
    {"action": "pendown", "duration": 0},
    {"action": "setheading", "angle": 0, "duration": 0},
    {"action": "forward", "distance": 100, "duration": 0},
    
    {"action": "penup", "duration": 0},
    {"action": "goto", "x": 60, "y": 50, "duration": 0},
    {"action": "pendown", "duration": 0},
    {"action": "write", "text": "nSLEEP", "duration": 0},
    
    {"action": "penup", "duration": 0},
    {"action": "goto", "x": 100, "y": 50, "duration": 0},
    {"action": "pendown", "duration": 0},
    {"action": "setheading", "angle": 0, "duration": 0},
    {"action": "forward", "distance": 100, "duration": 0},
    
    {"action": "penup", "duration": 0},
    {"action": "goto", "x": 70, "y": 100, "duration": 0},
    {"action": "pendown", "duration": 0},
    {"action": "write", "text": "VCC", "duration": 0},
    
    {"action": "penup", "duration": 0},
    {"action": "goto", "x": 100, "y": 100, "duration": 0},
    {"action": "pendown", "duration": 0},
    {"action": "setheading", "angle": 0, "duration": 0},
    {"action": "forward", "distance": 200, "duration": 0},
    {"action": "setheading", "angle": 270, "duration": 0},
    {"action": "forward", "distance": 30, "duration": 0},
    {"action": "pensize", "size": 2, "duration": 0},
    {"action": "setheading", "angle": 0, "duration": 0},
    {"action": "forward", "distance": 30, "duration": 0},
    {"action": "backward", "distance": 60, "duration": 0},
    
    {"action": "penup", "duration": 0},
    {"action": "goto", "x": 300, "y": 62, "duration": 0},
    {"action": "pendown", "duration": 0},
    {"action": "setheading", "angle": 0, "duration": 0},
    {"action": "forward", "distance": 30, "duration": 0},
    {"action": "backward", "distance": 60, "duration": 0},
    {"action": "forward", "distance": 30, "duration": 0},
    
    {"action": "pensize", "size": 1, "duration": 0},
    {"action": "setheading", "angle": 270, "duration": 0},
    {"action": "forward", "distance": 30, "duration": 0},
    
    {"action": "pensize", "size": 2, "duration": 0},
    {"action": "setheading", "angle": 0, "duration": 0},
    {"action": "forward", "distance": 30, "duration": 0},
    {"action": "backward", "distance": 60, "duration": 0},
    
    {"action": "penup", "duration": 0},
    {"action": "goto", "x": 300, "y": 24, "duration": 0},
    {"action": "pendown", "duration": 0},
    {"action": "setheading", "angle": 0, "duration": 0},
    {"action": "forward", "distance": 15, "duration": 0},
    {"action": "backward", "distance": 30, "duration": 0},
    
    {"action": "penup", "duration": 0},
    {"action": "goto", "x": 300, "y": 16, "duration": 0},
    {"action": "pendown", "duration": 0},
    {"action": "setheading", "angle": 0, "duration": 0},
    {"action": "forward", "distance": 7.5, "duration": 0},
    {"action": "backward", "distance": 15, "duration": 0},
    {"action": "pensize", "size": 1, "duration": 0},
    
    {"action": "penup", "duration": 0},
    {"action": "goto", "x": -90, "y": -50, "duration": 0},
    {"action": "pendown", "duration": 0},
    {"action": "write", "text": "GND", "duration": 0},
    
    {"action": "penup", "duration": 0},
    {"action": "goto", "x": -100, "y": -50, "duration": 0},
    {"action": "pendown", "duration": 0},
    {"action": "setheading", "angle": 180, "duration": 0},
    {"action": "forward", "distance": 100, "duration": 0},
    {"action": "setheading", "angle": 270, "duration": 0},
    {"action": "forward", "distance": 50, "duration": 0},
    {"action": "pensize", "size": 2, "duration": 0},
    {"action": "setheading", "angle": 0, "duration": 0},
    {"action": "forward", "distance": 30, "duration": 0},
    {"action": "backward", "distance": 60, "duration": 0},
    {"action": "penup", "duration": 0},
    {"action": "goto", "x": -200, "y": -108, "duration": 0},
    {"action": "pendown", "duration": 0},
    {"action": "setheading", "angle": 0, "duration": 0},
    {"action": "forward", "distance": 15, "duration": 0},
    {"action": "backward", "distance": 30, "duration": 0},
    {"action": "penup", "duration": 0},
    {"action": "goto", "x": -200, "y": -116, "duration": 0},
    {"action": "pendown", "duration": 0},
    {"action": "setheading", "angle": 0, "duration": 0},
    {"action": "forward", "distance": 7.5, "duration": 0},
    {"action": "backward", "distance": 15, "duration": 0},
    {"action": "pensize", "size": 1, "duration": 0},
    {"action": "penup", "duration": 0},
    {"action": "goto", "x": -90, "y": 0, "duration": 0},
    {"action": "pendown", "duration": 0},
    {"action": "write", "text": "OUT2", "duration": 0},
    {"action": "penup", "duration": 0},
    {"action": "goto", "x": -100, "y": 0, "duration": 0},
    {"action": "pendown", "duration": 0},
    {"action": "setheading", "angle": 180, "duration": 0},
    {"action": "forward", "distance": 100, "duration": 0},
    {"action": "penup", "duration": 0},
    {"action": "goto", "x": -90, "y": 50, "duration": 0},
    {"action": "pendown", "duration": 0},
    {"action": "write", "text": "OUT1", "duration": 0},
    {"action": "penup", "duration": 0},
    {"action": "goto", "x": -100, "y": 50, "duration": 0},
    {"action": "pendown", "duration": 0},
    {"action": "setheading", "angle": 180, "duration": 0},
    {"action": "forward", "distance": 100, "duration": 0},
    {"action": "penup", "duration": 0},
    {"action": "goto", "x": -90, "y": 100, "duration": 0},
    {"action": "pendown", "duration": 0},
    {"action": "write", "text": "VCC", "duration": 0},
    {"action": "penup", "duration": 0},
    {"action": "goto", "x": -100, "y": 100, "duration": 0},
    {"action": "pendown", "duration": 0},
    {"action": "setheading", "angle": 180, "duration": 0},
    {"action": "forward", "distance": 200, "duration": 0},
    {"action": "setheading", "angle": 270, "duration": 0},
    {"action": "forward", "distance": 30, "duration": 0},
    {"action": "pensize", "size": 2, "duration": 0},
    {"action": "setheading", "angle": 0, "duration": 0},
    {"action": "forward", "distance": 30, "duration": 0},
    {"action": "backward", "distance": 60, "duration": 0},
    {"action": "penup", "duration": 0},
    {"action": "goto", "x": -300, "y": 62, "duration": 0},
    {"action": "pendown", "duration": 0},
    {"action": "setheading", "angle": 0, "duration": 0},
    {"action": "forward", "distance": 30, "duration": 0},
    {"action": "backward", "distance": 60, "duration": 0},
    {"action": "forward", "distance": 30, "duration": 0},
    {"action": "pensize", "size": 1, "duration": 0},
    {"action": "setheading", "angle": 270, "duration": 0},
    {"action": "forward", "distance": 30, "duration": 0},
    {"action": "pensize", "size": 2, "duration": 0},
    {"action": "setheading", "angle": 0, "duration": 0},
    {"action": "forward", "distance": 30, "duration": 0},
    {"action": "backward", "distance": 60, "duration": 0},
    {"action": "penup", "duration": 0},
    {"action": "goto", "x": -300, "y": 24, "duration": 0},
    {"action": "pendown", "duration": 0},
    {"action": "setheading", "angle": 0, "duration": 0},
    {"action": "forward", "distance": 15, "duration": 0},
    {"action": "backward", "distance": 30, "duration": 0},
    {"action": "penup", "duration": 0},
    {"action": "goto", "x": -300, "y": 16, "duration": 0},
    {"action": "pendown", "duration": 0},
    {"action": "setheading", "angle": 0, "duration": 0},
    {"action": "forward", "distance": 7.5, "duration": 0},
    {"action": "backward", "distance": 15, "duration": 0},
    {"action": "pensize", "size": 1, "duration": 0},
    {"action": "penup", "duration": 0},
    {"action": "goto", "x": -30, "y": 20, "duration": 0},
    {"action": "pendown", "duration": 0},
    {"action": "write", "text": "DRV8837", "font": ["Arial", 14, "bold"], "duration": 0},
    {"action": "done", "duration": 0}


    ]
  }
  