{
    "title": "Turtle Graphics",
    "commands": [
      {"action": "penup", "duration": 0},
      {"action": "goto", "x": -100, "y": -100, "duration": 0},
      {"action": "pendown", "duration": 0},
      {"action": "pensize", "size": 2, "duration": 0},
      {"action": "setheading", "angle": 90, "duration": 0},
      {"action": "forward", "distance": 360, "duration": 0},
      {"action": "setheading", "angle": 0, "duration": 0},
      {"action": "forward", "distance": 300, "duration": 0},
      {"action": "setheading", "angle": 270, "duration": 0},
      {"action": "forward", "distance": 360, "duration": 0},
      {"action": "setheading", "angle": 180, "duration": 0},
      {"action": "forward", "distance": 300, "duration": 0},
      {"action": "pensize", "size": 1, "duration": 0},
      {"action": "penup", "duration": 0},
      {"action": "goto", "x": -90, "y": -60, "duration": 0},
      {"action": "pendown", "duration": 0},
      {"action": "write", "text": "AGND", "duration": 0},
      {"action": "penup", "duration": 0},
      {"action": "goto", "x": -100, "y": -60, "duration": 0},
      {"action": "pendown", "duration": 0},
      {"action": "setheading", "angle": 180, "duration": 0},
      {"action": "forward", "distance": 100, "duration": 0},
      {"action": "setheading", "angle": 270, "duration": 0},
      {"action": "backward", "distance": 15, "duration": 0},
      {"action": "setheading", "angle": 0, "duration": 0},
      {"action": "pensize", "size": 2, "duration": 0},
      {"action": "forward", "distance": 30, "duration": 0},
      {"action": "backward", "distance": 60, "duration": 0},
      {"action": "forward", "distance": 30, "duration": 0},
      {"action": "pensize", "size": 1, "duration": 0},
      {"action": "setheading", "angle": 270, "duration": 0},
      {"action": "forward", "distance": 45, "duration": 0},
      {"action": "pensize", "size": 2, "duration": 0},
      {"action": "setheading", "angle": 0, "duration": 0},
      {"action": "forward", "distance": 30, "duration": 0},
      {"action": "backward", "distance": 60, "duration": 0},
      {"action": "penup", "duration": 0},
      {"action": "goto", "x": -200, "y": -98, "duration": 0},
      {"action": "pendown", "duration": 0},
      {"action": "setheading", "angle": 0, "duration": 0},
      {"action": "forward", "distance": 15, "duration": 0},
      {"action": "backward", "distance": 30, "duration": 0},
      {"action": "penup", "duration": 0},
      {"action": "goto", "x": -200, "y": -106, "duration": 0},
      {"action": "pendown", "duration": 0},
      {"action": "setheading", "angle": 0, "duration": 0},
      {"action": "forward", "distance": 7.5, "duration": 0},
      {"action": "backward", "distance": 15, "duration": 0},
      {"action": "pensize", "size": 1, "duration": 0},
      {"action": "penup", "duration": 0},
      {"action": "goto", "x": -90, "y": -20, "duration": 0},
      {"action": "pendown", "duration": 0},
      {"action": "write", "text": "BIAS", "duration": 0},
      {"action": "penup", "duration": 0},
      {"action": "goto", "x": -100, "y": -20, "duration": 0},
      {"action": "pendown", "duration": 0},
      {"action": "setheading", "angle": 180, "duration": 0},
      {"action": "forward", "distance": 100, "duration": 0},
      {"action": "setheading", "angle": 270, "duration": 0},
      {"action": "forward", "distance": 15, "duration": 0},
      {"action": "setheading", "angle": 0, "duration": 0},
      {"action": "pensize", "size": 2, "duration": 0},
      {"action": "forward", "distance": 30, "duration": 0},
      {"action": "backward", "distance": 60, "duration": 0},
      {"action": "forward", "distance": 30, "duration": 0},
      {"action": "pensize", "size": 1, "duration": 0},
      {"action": "penup", "duration": 0},
      {"action": "goto", "x": -90, "y": 20, "duration": 0},
      {"action": "pendown", "duration": 0},
      {"action": "write", "text": "ILIM", "duration": 0},
      {"action": "penup", "duration": 0},
      {"action": "goto", "x": -100, "y": 20, "duration": 0},
      {"action": "pendown", "duration": 0},
      {"action": "setheading", "angle": 180, "duration": 0},
      {"action": "forward", "distance": 100, "duration": 0},
      {"action": "setheading", "angle": 270, "duration": 0},
      {"action": "forward", "distance": 40, "duration": 0},
      {"action": "penup", "duration": 0},
      {"action": "goto", "x": -90, "y": 60, "duration": 0},
      {"action": "pendown", "duration": 0},
      {"action": "write", "text": "SDA", "duration": 0},
      {"action": "penup", "duration": 0},
      {"action": "goto", "x": -100, "y": 60, "duration": 0},
      {"action": "pendown", "duration": 0},
      {"action": "setheading", "angle": 180, "duration": 0},
      {"action": "forward", "distance": 200, "duration": 0},
      {"action": "penup", "duration": 0},
      {"action": "goto", "x": -90, "y": 100, "duration": 0},
      {"action": "pendown", "duration": 0},
      {"action": "write", "text": "SCL", "duration": 0},
      {"action": "penup", "duration": 0},
      {"action": "goto", "x": -100, "y": 100, "duration": 0},
      {"action": "pendown", "duration": 0},
      {"action": "setheading", "angle": 180, "duration": 0},
      {"action": "forward", "distance": 200, "duration": 0},
      {"action": "penup", "duration": 0},
      {"action": "goto", "x": -90, "y": 140, "duration": 0},
      {"action": "pendown", "duration": 0},
      {"action": "write", "text": "VIO", "duration": 0},
      {"action": "penup", "duration": 0},
      {"action": "goto", "x": -100, "y": 140, "duration": 0},
      {"action": "pendown", "duration": 0},
      {"action": "setheading", "angle": 180, "duration": 0},
      {"action": "forward", "distance": 200, "duration": 0},
      {"action": "setheading", "angle": 270, "duration": 0},
      {"action": "forward", "distance": 120, "duration": 0},
      {"action": "pensize", "size": 2, "duration": 0},
      {"action": "setheading", "angle": 0, "duration": 0},
      {"action": "forward", "distance": 30, "duration": 0},
      {"action": "backward", "distance": 60, "duration": 0},
      {"action": "penup", "duration": 0},
      {"action": "goto", "x": -300, "y": 12, "duration": 0},
      {"action": "pendown", "duration": 0},
      {"action": "setheading", "angle": 0, "duration": 0},
      {"action": "forward", "distance": 15, "duration": 0},
      {"action": "backward", "distance": 30, "duration": 0},
      {"action": "penup", "duration": 0},
      {"action": "goto", "x": -300, "y": 4, "duration": 0},
      {"action": "pendown", "duration": 0},
      {"action": "setheading", "angle": 0, "duration": 0},
      {"action": "forward", "distance": 7.5, "duration": 0},
      {"action": "backward", "distance": 15, "duration": 0},
      {"action": "pensize", "size": 1, "duration": 0},
      {"action": "penup", "duration": 0},
      {"action": "goto", "x": -90, "y": 180, "duration": 0},
      {"action": "pendown", "duration": 0},
      {"action": "write", "text": "IN2", "duration": 0},
      {"action": "penup", "duration": 0},
      {"action": "goto", "x": -100, "y": 180, "duration": 0},
      {"action": "pendown", "duration": 0},
      {"action": "setheading", "angle": 180, "duration": 0},
      {"action": "forward", "distance": 300, "duration": 0},
      {"action": "setheading", "angle": 270, "duration": 0},
      {"action": "forward", "distance": 40, "duration": 0},
      {"action": "pensize", "size": 2, "duration": 0},
      {"action": "setheading", "angle": 0, "duration": 0},
      {"action": "forward", "distance": 30, "duration": 0},
      {"action": "backward", "distance": 60, "duration": 0},
      {"action": "penup", "duration": 0},
      {"action": "goto", "x": -400, "y": 132, "duration": 0},
      {"action": "pendown", "duration": 0},
      {"action": "setheading", "angle": 0, "duration": 0},
      {"action": "forward", "distance": 30, "duration": 0},
      {"action": "backward", "distance": 60, "duration": 0},
      {"action": "forward", "distance": 30, "duration": 0},
      {"action": "pensize", "size": 1, "duration": 0},
      {"action": "setheading", "angle": 270, "duration": 0},
      {"action": "forward", "distance": 30, "duration": 0},
      {"action": "pensize", "size": 2, "duration": 0},
      {"action": "setheading", "angle": 0, "duration": 0},
      {"action": "forward", "distance": 30, "duration": 0},
      {"action": "backward", "distance": 60, "duration": 0},
      {"action": "penup", "duration": 0},
      {"action": "goto", "x": -400, "y": 94, "duration": 0},
      {"action": "pendown", "duration": 0},
      {"action": "setheading", "angle": 0, "duration": 0},
      {"action": "forward", "distance": 15, "duration": 0},
      {"action": "backward", "distance": 30, "duration": 0},
      {"action": "penup", "duration": 0},
      {"action": "goto", "x": -400, "y": 86, "duration": 0},
      {"action": "pendown", "duration": 0},
      {"action": "setheading", "angle": 0, "duration": 0},
      {"action": "forward", "distance": 7.5, "duration": 0},
      {"action": "backward", "distance": 15, "duration": 0},
      {"action": "pensize", "size": 1, "duration": 0},
      {"action": "penup", "duration": 0},
    {"action": "goto", "x": -90, "y": 220, "duration": 0},
    {"action": "pendown", "duration": 0},
    {"action": "write", "text": "IN1", "duration": 0},
    {"action": "penup", "duration": 0},
    {"action": "goto", "x": -100, "y": 220, "duration": 0},
    {"action": "pendown", "duration": 0},
    {"action": "setheading", "angle": 180, "duration": 0},
    {"action": "forward", "distance": 400, "duration": 0},
    {"action": "setheading", "angle": 270, "duration": 0},
    {"action": "forward", "distance": 40, "duration": 0},
    {"action": "pensize", "size": 2, "duration": 0},
    {"action": "setheading", "angle": 0, "duration": 0},
    {"action": "forward", "distance": 30, "duration": 0},
    {"action": "backward", "distance": 60, "duration": 0},
    {"action": "penup", "duration": 0},
    {"action": "goto", "x": -500, "y": 172, "duration": 0},
    {"action": "pendown", "duration": 0},
    {"action": "setheading", "angle": 0, "duration": 0},
    {"action": "forward", "distance": 30, "duration": 0},
    {"action": "backward", "distance": 60, "duration": 0},
    {"action": "forward", "distance": 30, "duration": 0},
    {"action": "pensize", "size": 1, "duration": 0},
    {"action": "setheading", "angle": 270, "duration": 0},
    {"action": "forward", "distance": 30, "duration": 0},
    {"action": "pensize", "size": 2, "duration": 0},
    {"action": "setheading", "angle": 0, "duration": 0},
    {"action": "forward", "distance": 30, "duration": 0},
    {"action": "backward", "distance": 60, "duration": 0},
    {"action": "penup", "duration": 0},
    {"action": "goto", "x": -500, "y": 134, "duration": 0},
    {"action": "pendown", "duration": 0},
    {"action": "setheading", "angle": 0, "duration": 0},
    {"action": "forward", "distance": 15, "duration": 0},
    {"action": "backward", "distance": 30, "duration": 0},
    {"action": "penup", "duration": 0},
    {"action": "goto", "x": -500, "y": 126, "duration": 0},
    {"action": "pendown", "duration": 0},
    {"action": "setheading", "angle": 0, "duration": 0},
    {"action": "forward", "distance": 7.5, "duration": 0},
    {"action": "backward", "distance": 15, "duration": 0},
    {"action": "pensize", "size": 1, "duration": 0},
    {"action": "penup", "duration": 0},
    {"action": "goto", "x": 170, "y": -60, "duration": 0},
    {"action": "pendown", "duration": 0},
    {"action": "write", "text": "POK", "duration": 0},
    {"action": "penup", "duration": 0},
    {"action": "goto", "x": 200, "y": -60, "duration": 0},
    {"action": "pendown", "duration": 0},
    {"action": "setheading", "angle": 0, "duration": 0},
    {"action": "forward", "distance": 50, "duration": 0},
    {"action": "penup", "duration": 0},
    {"action": "goto", "x": 170, "y": -20, "duration": 0},
    {"action": "pendown", "duration": 0},
    {"action": "write", "text": "PGND", "duration": 0},
    {"action": "penup", "duration": 0},
    {"action": "goto", "x": 200, "y": -20, "duration": 0},
    {"action": "pendown", "duration": 0},
    {"action": "setheading", "angle": 0, "duration": 0},
    {"action": "forward", "distance": 100, "duration": 0},
    {"action": "setheading", "angle": 270, "duration": 0},
    {"action": "forward", "distance": 40, "duration": 0},
    {"action": "pensize", "size": 2, "duration": 0},
    {"action": "setheading", "angle": 0, "duration": 0},
    {"action": "forward", "distance": 30, "duration": 0},
    {"action": "backward", "distance": 60, "duration": 0},
    {"action": "penup", "duration": 0},
    {"action": "goto", "x": 300, "y": -68, "duration": 0},
    {"action": "pendown", "duration": 0},
    {"action": "setheading", "angle": 0, "duration": 0},
    {"action": "forward", "distance": 15, "duration": 0},
    {"action": "backward", "distance": 30, "duration": 0},
    {"action": "penup", "duration": 0},
    {"action": "goto", "x": 300, "y": -76, "duration": 0},
    {"action": "pendown", "duration": 0},
    {"action": "setheading", "angle": 0, "duration": 0},
    {"action": "forward", "distance": 7.5, "duration": 0},
    {"action": "backward", "distance": 15, "duration": 0},
    {"action": "pensize", "size": 1, "duration": 0},
    {"action": "penup", "duration": 0},
    {"action": "goto", "x": 170, "y": 20, "duration": 0},
    {"action": "pendown", "duration": 0},
    {"action": "write", "text": "OUT", "duration": 0},
    {"action": "penup", "duration": 0},
    {"action": "goto", "x": 200, "y": 20, "duration": 0},
    {"action": "pendown", "duration": 0},
    {"action": "setheading", "angle": 0, "duration": 0},
    {"action": "forward", "distance": 300, "duration": 0},
    {"action": "setheading", "angle": 90, "duration": 0},
    {"action": "forward", "distance": 40, "duration": 0},
    {"action": "penup", "duration": 0},
    {"action": "goto", "x": 400, "y": 20, "duration": 0},
    {"action": "pendown", "duration": 0},
    {"action": "setheading", "angle": 270, "duration": 0},
    {"action": "forward", "distance": 40, "duration": 0},
    {"action": "pensize", "size": 2, "duration": 0},
    {"action": "setheading", "angle": 0, "duration": 0},
    {"action": "forward", "distance": 30, "duration": 0},
    {"action": "backward", "distance": 60, "duration": 0},
    {"action": "penup", "duration": 0},
    {"action": "goto", "x": 400, "y": -28, "duration": 0},
    {"action": "pendown", "duration": 0},
    {"action": "setheading", "angle": 0, "duration": 0},
    {"action": "forward", "distance": 30, "duration": 0},
    {"action": "backward", "distance": 60, "duration": 0},
    {"action": "forward", "distance": 30, "duration": 0},
    {"action": "pensize", "size": 1, "duration": 0},
    {"action": "setheading", "angle": 270, "duration": 0},
    {"action": "forward", "distance": 30, "duration": 0},
    {"action": "pensize", "size": 2, "duration": 0},
    {"action": "setheading", "angle": 0, "duration": 0},
    {"action": "forward", "distance": 30, "duration": 0},
    {"action": "backward", "distance": 60, "duration": 0},
    {"action": "penup", "duration": 0},
    {"action": "goto", "x": 400, "y": -66, "duration": 0},
    {"action": "pendown", "duration": 0},
    {"action": "setheading", "angle": 0, "duration": 0},
    {"action": "forward", "distance": 15, "duration": 0},
    {"action": "backward", "distance": 30, "duration": 0},
    {"action": "penup", "duration": 0},
    {"action": "goto", "x": 400, "y": -74, "duration": 0},
    {"action": "pendown", "duration": 0},
    {"action": "setheading", "angle": 0, "duration": 0},
    {"action": "forward", "distance": 7.5, "duration": 0},
    {"action": "backward", "distance": 15, "duration": 0},
    {"action": "pensize", "size": 1, "duration": 0},
    {"action": "penup", "duration": 0},
    {"action": "goto", "x": 170, "y": 60, "duration": 0},
    {"action": "pendown", "duration": 0},
    {"action": "write", "text": "LX", "duration": 0},
    {"action": "penup", "duration": 0},
    {"action": "goto", "x": 200, "y": 60, "duration": 0},
    {"action": "pendown", "duration": 0},
    {"action": "setheading", "angle": 0, "duration": 0},
    {"action": "forward", "distance": 150, "duration": 0},
    {"action": "pensize", "size": 2, "duration": 0},
    {"action": "setheading", "angle": 90, "duration": 0},
    {"action": "circle", "radius": -10, "extent": 180, "duration": 0},
    {"action": "setheading", "angle": 0, "duration": 0},
    {"action": "forward", "distance": 100, "duration": 0},
    {"action": "stamp", "duration": 0},
    {"action": "penup", "duration": 0},
    {"action": "goto", "x": 200, "y": 100, "duration": 0},
    {"action": "pendown", "duration": 0},
    {"action": "setheading", "angle": 0, "duration": 0},
    {"action": "forward", "distance": 50, "duration": 0},
    {"action": "penup", "duration": 0},
    {"action": "goto", "x": 170, "y": 140, "duration": 0},
    {"action": "pendown", "duration": 0},
    {"action": "write", "text": "BST", "duration": 0},
    {"action": "penup", "duration": 0},
    {"action": "goto", "x": 200, "y": 140, "duration": 0},
    {"action": "pendown", "duration": 0},
    {"action": "setheading", "angle": 0, "duration": 0},
    {"action": "forward", "distance": 100, "duration": 0},
    {"action": "setheading", "angle": 270, "duration": 0},
    {"action": "forward", "distance": 35, "duration": 0},
    {"action": "pensize", "size": 2, "duration": 0},
    {"action": "setheading", "angle": 0, "duration": 0},
    {"action": "forward", "distance": 30, "duration": 0},
    {"action": "backward", "distance": 60, "duration": 0},
    {"action": "penup", "duration": 0},
    {"action": "goto", "x": 300, "y": 95, "duration": 0},
    {"action": "pendown", "duration": 0},
    {"action": "setheading", "angle": 0, "duration": 0},
    {"action": "forward", "distance": 30, "duration": 0},
    {"action": "backward", "distance": 60, "duration": 0},
    {"action": "forward", "distance": 30, "duration": 0},
    {"action": "pensize", "size": 1, "duration": 0},
    {"action": "setheading", "angle": 270, "duration": 0},
    {"action": "forward", "distance": 35, "duration": 0},
    {"action": "penup", "duration": 0},
    {"action": "goto", "x": 170, "y": 180, "duration": 0},
    {"action": "pendown", "duration": 0},
    {"action": "write", "text": "EN", "duration": 0},
    {"action": "penup", "duration": 0},
    {"action": "goto", "x": 200, "y": 180, "duration": 0},
    {"action": "pendown", "duration": 0},
    {"action": "setheading", "angle": 0, "duration": 0},
    {"action": "forward", "distance": 50, "duration": 0},
    {"action": "setheading", "angle": 90, "duration": 0},
    {"action": "forward", "distance": 40, "duration": 0},
    {"action": "penup", "duration": 0},
    {"action": "goto", "x": 170, "y": 220, "duration": 0},
    {"action": "pendown", "duration": 0},
    {"action": "write", "text": "SUP", "duration": 0},
    {"action": "penup", "duration": 0},
    {"action": "goto", "x": 200, "y": 220, "duration": 0},
    {"action": "pendown", "duration": 0},
    {"action": "setheading", "angle": 0, "duration": 0},
    {"action": "forward", "distance": 200, "duration": 0},
    {"action": "setheading", "angle": 270, "duration": 0},
    {"action": "forward", "distance": 40, "duration": 0},
    {"action": "pensize", "size": 2, "duration": 0},
    {"action": "setheading", "angle": 0, "duration": 0},
    {"action": "forward", "distance": 30, "duration": 0},
    {"action": "backward", "distance": 60, "duration": 0},
    {"action": "penup", "duration": 0},
    {"action": "goto", "x": 400, "y": 172, "duration": 0},
    {"action": "pendown", "duration": 0},
    {"action": "setheading", "angle": 0, "duration": 0},
    {"action": "forward", "distance": 30, "duration": 0},
    {"action": "backward", "distance": 60, "duration": 0},
    {"action": "forward", "distance": 30, "duration": 0},
    {"action": "pensize", "size": 1, "duration": 0},
    {"action": "setheading", "angle": 270, "duration": 0},
    {"action": "forward", "distance": 30, "duration": 0},
    {"action": "pensize", "size": 2, "duration": 0},
    {"action": "setheading", "angle": 0, "duration": 0},
    {"action": "forward", "distance": 30, "duration": 0},
    {"action": "backward", "distance": 60, "duration": 0},
    {"action": "penup", "duration": 0},
    {"action": "goto", "x": 400, "y": 134, "duration": 0},
    {"action": "pendown", "duration": 0},
    {"action": "setheading", "angle": 0, "duration": 0},
    {"action": "forward", "distance": 15, "duration": 0},
    {"action": "backward", "distance": 30, "duration": 0},
    {"action": "penup", "duration": 0},
    {"action": "goto", "x": 400, "y": 126, "duration": 0},
    {"action": "pendown", "duration": 0},
    {"action": "setheading", "angle": 0, "duration": 0},
    {"action": "forward", "distance": 7.5, "duration": 0},
    {"action": "backward", "distance": 15, "duration": 0},
    {"action": "penup", "duration": 0},
    {"action": "goto", "x": 0, "y": 80, "duration": 0},
    {"action": "pendown", "duration": 0},
    {"action": "write", "text": "MAX77756", "font": ["Arial", 18, "bold"], "duration": 0},
    {"action": "done", "duration": 0}

    ]
  }
  