{
    "title": "Turtle Graphics",
    "commands": [
      {"action": "penup", "duration": 0},
      {"action": "goto", "x": -100, "y": -100, "duration": 0},
      {"action": "pendown", "duration": 0},
      {"action": "pensize", "size": 2, "duration": 0},
      {"action": "setheading", "angle": 90, "duration": 0},
      {"action": "forward", "distance": 200, "duration": 0},
      {"action": "setheading", "angle": 0, "duration": 0},
      {"action": "forward", "distance": 300, "duration": 0},
      {"action": "setheading", "angle": 270, "duration": 0},
      {"action": "forward", "distance": 200, "duration": 0},
      {"action": "setheading", "angle": 180, "duration": 0},
      {"action": "forward", "distance": 300, "duration": 0},
      {"action": "pensize", "size": 1, "duration": 0},
      {"action": "penup", "duration": 0},
      {"action": "goto", "x": -90, "y": -50, "duration": 0},
      {"action": "pendown", "duration": 0},
      {"action": "write", "text": "VSEL", "duration": 0},
      {"action": "penup", "duration": 0},
      {"action": "goto", "x": -100, "y": -50, "duration": 0},
      {"action": "pendown", "duration": 0},
      {"action": "setheading", "angle": 180, "duration": 0},
      {"action": "forward", "distance": 100, "duration": 0},
      {"action": "setheading", "angle": 180, "duration": 0},
      {"action": "forward", "distance": 50, "duration": 0},
      {"action": "setheading", "angle": 270, "duration": 0},
      {"action": "forward", "distance": 50, "duration": 0},
      {"action": "pensize", "size": 2, "duration": 0},
      {"action": "setheading", "angle": 0, "duration": 0},
      {"action": "forward", "distance": 30, "duration": 0},
      {"action": "backward", "distance": 60, "duration": 0},
      {"action": "penup", "duration": 0},
      {"action": "goto", "x": -250, "y": -108, "duration": 0},
      {"action": "pendown", "duration": 0},
      {"action": "setheading", "angle": 0, "duration": 0},
      {"action": "forward", "distance": 15, "duration": 0},
      {"action": "backward", "distance": 30, "duration": 0},
      {"action": "penup", "duration": 0},
      {"action": "goto", "x": -250, "y": -116, "duration": 0},
      {"action": "pendown", "duration": 0},
      {"action": "setheading", "angle": 0, "duration": 0},
      {"action": "forward", "distance": 7.5, "duration": 0},
      {"action": "backward", "distance": 15, "duration": 0},
      {"action": "pensize", "size": 1, "duration": 0},
      {"action": "penup", "duration": 0},
      {"action": "goto", "x": -90, "y": 0, "duration": 0},
      {"action": "pendown", "duration": 0},
      {"action": "write", "text": "VIN", "duration": 0},
      {"action": "penup", "duration": 0},
      {"action": "goto", "x": -100, "y": 0, "duration": 0},
      {"action": "pendown", "duration": 0},
      {"action": "setheading", "angle": 180, "duration": 0},
      {"action": "forward", "distance": 300, "duration": 0},
      {"action": "done", "duration": 0},
      {"action": "penup", "duration": 0},
    {"action": "goto", "x": -90, "y": 50, "duration": 0},
    {"action": "pendown", "duration": 0},
    {"action": "write", "text": "SW", "duration": 0},
    {"action": "penup", "duration": 0},
    {"action": "goto", "x": -100, "y": 50, "duration": 0},
    {"action": "pendown", "duration": 0},
    {"action": "setheading", "angle": 180, "duration": 0},
    {"action": "forward", "distance": 100, "duration": 0},
    {"action": "pensize", "size": 2, "duration": 0},
    {"action": "setheading", "angle": 90, "duration": 0},
    {"action": "circle", "radius": 10, "extent": -180, "duration": 0},
    {"action": "setheading", "angle": 90, "duration": 0},
    {"action": "circle", "radius": 10, "extent": -180, "duration": 0},
    {"action": "setheading", "angle": 90, "duration": 0},
    {"action": "circle", "radius": 10, "extent": -180, "duration": 0},
    {"action": "setheading", "angle": 90, "duration": 0},
    {"action": "circle", "radius": 10, "extent": -180, "duration": 0},
    {"action": "setheading", "angle": 90, "duration": 0},
    {"action": "circle", "radius": 10, "extent": -180, "duration": 0},
    {"action": "pensize", "size": 1, "duration": 0},
    {"action": "setheading", "angle": 180, "duration": 0},
    {"action": "forward", "distance": 100, "duration": 0},
    {"action": "setheading", "angle": 270, "duration": 0},
    {"action": "forward", "distance": 100, "duration": 0},
    {"action": "pensize", "size": 2, "duration": 0},
    {"action": "setheading", "angle": 0, "duration": 0},
    {"action": "forward", "distance": 30, "duration": 0},
    {"action": "backward", "distance": 60, "duration": 0},
    {"action": "penup", "duration": 0},
    {"action": "goto", "x": -400, "y": -58, "duration": 0},
    {"action": "pendown", "duration": 0},
    {"action": "setheading", "angle": 0, "duration": 0},
    {"action": "forward", "distance": 30, "duration": 0},
    {"action": "backward", "distance": 60, "duration": 0},
    {"action": "forward", "distance": 30, "duration": 0},
    {"action": "pensize", "size": 1, "duration": 0},
    {"action": "setheading", "angle": 270, "duration": 0},
    {"action": "forward", "distance": 30, "duration": 0},
    {"action": "pensize", "size": 2, "duration": 0},
    {"action": "setheading", "angle": 0, "duration": 0},
    {"action": "forward", "distance": 30, "duration": 0},
    {"action": "backward", "distance": 60, "duration": 0},
    {"action": "penup", "duration": 0},
    {"action": "goto", "x": -400, "y": -96, "duration": 0},
    {"action": "pendown", "duration": 0},
    {"action": "setheading", "angle": 0, "duration": 0},
    {"action": "forward", "distance": 15, "duration": 0},
    {"action": "backward", "distance": 30, "duration": 0},
    {"action": "penup", "duration": 0},
    {"action": "goto", "x": -400, "y": -104, "duration": 0},
    {"action": "pendown", "duration": 0},
    {"action": "setheading", "angle": 0, "duration": 0},
    {"action": "forward", "distance": 7.5, "duration": 0},
    {"action": "backward", "distance": 15, "duration": 0},
    {"action": "pensize", "size": 1, "duration": 0},
    {"action": "penup", "duration": 0},
    {"action": "goto", "x": 170, "y": -50, "duration": 0},
    {"action": "pendown", "duration": 0},
    {"action": "write", "text": "GND", "duration": 0},
    {"action": "penup", "duration": 0},
    {"action": "goto", "x": 200, "y": -50, "duration": 0},
    {"action": "pendown", "duration": 0},
    {"action": "setheading", "angle": 0, "duration": 0},
    {"action": "forward", "distance": 100, "duration": 0},
    {"action": "setheading", "angle": 270, "duration": 0},
    {"action": "forward", "distance": 50, "duration": 0},
    {"action": "pensize", "size": 2, "duration": 0},
    {"action": "setheading", "angle": 0, "duration": 0},
    {"action": "forward", "distance": 30, "duration": 0},
    {"action": "backward", "distance": 60, "duration": 0},
    {"action": "penup", "duration": 0},
    {"action": "goto", "x": 300, "y": -108, "duration": 0},
    {"action": "pendown", "duration": 0},
    {"action": "setheading", "angle": 0, "duration": 0},
    {"action": "forward", "distance": 15, "duration": 0},
    {"action": "backward", "distance": 30, "duration": 0},
    {"action": "penup", "duration": 0},
    {"action": "goto", "x": 300, "y": -116, "duration": 0},
    {"action": "pendown", "duration": 0},
    {"action": "setheading", "angle": 0, "duration": 0},
    {"action": "forward", "distance": 7.5, "duration": 0},
    {"action": "backward", "distance": 15, "duration": 0},
    {"action": "pensize", "size": 1, "duration": 0},
    {"action": "penup", "duration": 0},
    {"action": "goto", "x": 160, "y": 0, "duration": 0},
    {"action": "pendown", "duration": 0},
    {"action": "write", "text": "EN/BYP", "font": ["Arial", 18, "bold"], "duration": 0},
    {"action": "penup", "duration": 0},
    {"action": "goto", "x": 200, "y": 0, "duration": 0},
    {"action": "pendown", "duration": 0},
    {"action": "setheading", "angle": 0, "duration": 0},
    {"action": "forward", "distance": 100, "duration": 0},
    {"action": "setheading", "angle": 90, "duration": 0},
    {"action": "forward", "distance": 50, "duration": 0},
    {"action": "penup", "duration": 0},
    {"action": "goto", "x": 170, "y": 50, "duration": 0},
    {"action": "pendown", "duration": 0},
    {"action": "write", "text": "VOUT", "font": ["Arial", 18, "bold"], "duration": 0},
    {"action": "penup", "duration": 0},
    {"action": "goto", "x": 200, "y": 50, "duration": 0},
    {"action": "pendown", "duration": 0},
    {"action": "setheading", "angle": 0, "duration": 0},
    {"action": "forward", "distance": 300, "duration": 0},
    {"action": "backward", "distance": 20, "duration": 0},
    {"action": "setheading", "angle": 270, "duration": 0},
    {"action": "forward", "distance": 30, "duration": 0},
    {"action": "pensize", "size": 2, "duration": 0},
    {"action": "setheading", "angle": 0, "duration": 0},
    {"action": "forward", "distance": 30, "duration": 0},
    {"action": "backward", "distance": 60, "duration": 0},
    {"action": "penup", "duration": 0},
    {"action": "goto", "x": 480, "y": 12, "duration": 0},
    {"action": "pendown", "duration": 0},
    {"action": "setheading", "angle": 0, "duration": 0},
    {"action": "forward", "distance": 30, "duration": 0},
    {"action": "backward", "distance": 60, "duration": 0},
    {"action": "forward", "distance": 30, "duration": 0},
    {"action": "pensize", "size": 1, "duration": 0},
    {"action": "setheading", "angle": 270, "duration": 0},
    {"action": "forward", "distance": 30, "duration": 0},
    {"action": "pensize", "size": 2, "duration": 0},
    {"action": "setheading", "angle": 0, "duration": 0},
    {"action": "forward", "distance": 30, "duration": 0},
    {"action": "backward", "distance": 60, "duration": 0},
    {"action": "penup", "duration": 0},
    {"action": "goto", "x": 480, "y": -26, "duration": 0},
    {"action": "pendown", "duration": 0},
    {"action": "setheading", "angle": 0, "duration": 0},
    {"action": "forward", "distance": 15, "duration": 0},
    {"action": "backward", "distance": 30, "duration": 0},
    {"action": "penup", "duration": 0},
    {"action": "goto", "x": 480, "y": -34, "duration": 0},
    {"action": "pendown", "duration": 0},
    {"action": "setheading", "angle": 0, "duration": 0},
    {"action": "forward", "distance": 7.5, "duration": 0},
    {"action": "backward", "distance": 15, "duration": 0},
    {"action": "penup", "duration": 0},
    {"action": "goto", "x": -10, "y": 0, "duration": 0},
    {"action": "pendown", "duration": 0},
    {"action": "write", "text": "TPS61291", "font": ["Arial", 18, "bold"], "duration": 0},
    {"action": "done", "duration": 0}
    ]
  }
  