{
    "title": "Turtle Graphics",
    "commands": [
      {"action": "penup", "duration": 0},
      {"action": "goto", "x": -100, "y": -100, "duration": 0},
      {"action": "pendown", "duration": 0},
      {"action": "pensize", "size": 2, "duration": 0},
      {"action": "setheading", "angle": 90, "duration": 0},
      {"action": "forward", "distance": 200, "duration": 0},
      {"action": "setheading", "angle": 0, "duration": 0},
      {"action": "forward", "distance": 300, "duration": 0},
      {"action": "setheading", "angle": 270, "duration": 0},
      {"action": "forward", "distance": 200, "duration": 0},
      {"action": "setheading", "angle": 180, "duration": 0},
      {"action": "forward", "distance": 300, "duration": 0},
      {"action": "pensize", "size": 1, "duration": 0},
      {"action": "penup", "duration": 0},
      {"action": "goto", "x": -90, "y": -52, "duration": 0},
      {"action": "pendown", "duration": 0},
      {"action": "write", "text": "GND", "duration": 0},
      {"action": "penup", "duration": 0},
      {"action": "goto", "x": -100, "y": -50, "duration": 0},
      {"action": "pendown", "duration": 0},
      {"action": "setheading", "angle": 180, "duration": 0},
      {"action": "forward", "distance": 100, "duration": 0},
      {"action": "setheading", "angle": 270, "duration": 0},
      {"action": "forward", "distance": 50, "duration": 0},
      {"action": "pensize", "size": 2, "duration": 0},
      {"action": "setheading", "angle": 0, "duration": 0},
      {"action": "forward", "distance": 30, "duration": 0},
      {"action": "backward", "distance": 60, "duration": 0},
      {"action": "penup", "duration": 0},
      {"action": "goto", "x": -200, "y": -108, "duration": 0},
      {"action": "pendown", "duration": 0},
      {"action": "setheading", "angle": 0, "duration": 0},
      {"action": "forward", "distance": 15, "duration": 0},
      {"action": "backward", "distance": 30, "duration": 0},
      {"action": "penup", "duration": 0},
      {"action": "goto", "x": -200, "y": -116, "duration": 0},
      {"action": "pendown", "duration": 0},
      {"action": "setheading", "angle": 0, "duration": 0},
      {"action": "forward", "distance": 7.5, "duration": 0},
      {"action": "backward", "distance": 15, "duration": 0},
      {"action": "pensize", "size": 1, "duration": 0},
      {"action": "penup", "duration": 0},
      {"action": "goto", "x": 150, "y": -52, "duration": 0},
      {"action": "pendown", "duration": 0},
      {"action": "write", "text": "RSEL/NC", "duration": 0},
      {"action": "penup", "duration": 0},
      {"action": "goto", "x": 200, "y": -50, "duration": 0},
      {"action": "pendown", "duration": 0},
      {"action": "setheading", "angle": 0, "duration": 0},
      {"action": "forward", "distance": 50, "duration": 0},
      {"action": "penup", "duration": 0},
      {"action": "goto", "x": 180, "y": -2, "duration": 0},
      {"action": "pendown", "duration": 0},
      {"action": "write", "text": "EN", "duration": 0},
      {"action": "penup", "duration": 0},
      {"action": "goto", "x": 200, "y": 0, "duration": 0},
      {"action": "pendown", "duration": 0},
      {"action": "setheading", "angle": 0, "duration": 0},
      {"action": "forward", "distance": 50, "duration": 0},
      {"action": "penup", "duration": 0},
      {"action": "goto", "x": 170, "y": 48, "duration": 0},
      {"action": "pendown", "duration": 0},
      {"action": "write", "text": "OUT", "duration": 0},
      {"action": "penup", "duration": 0},
      {"action": "goto", "x": 200, "y": 50, "duration": 0},
      {"action": "pendown", "duration": 0},
      {"action": "setheading", "angle": 0, "duration": 0},
      {"action": "forward", "distance": 150, "duration": 0},
      {"action": "setheading", "angle": 270, "duration": 0},
      {"action": "forward", "distance": 30, "duration": 0},
      {"action": "pensize", "size": 2, "duration": 0},
      {"action": "setheading", "angle": 0, "duration": 0},
      {"action": "forward", "distance": 30, "duration": 0},
      {"action": "backward", "distance": 60, "duration": 0},
      {"action": "penup", "duration": 0},
      {"action": "goto", "x": 350, "y": 12, "duration": 0},
      {"action": "pendown", "duration": 0},
      {"action": "setheading", "angle": 0, "duration": 0},
      {"action": "forward", "distance": 30, "duration": 0},
      {"action": "backward", "distance": 60, "duration": 0},
      {"action": "forward", "distance": 30, "duration": 0},
      {"action": "pensize", "size": 1, "duration": 0},
      {"action": "setheading", "angle": 270, "duration": 0},
      {"action": "forward", "distance": 30, "duration": 0},
      {"action": "pensize", "size": 2, "duration": 0},
      {"action": "setheading", "angle": 0, "duration": 0},
      {"action": "forward", "distance": 30, "duration": 0},
      {"action": "backward", "distance": 60, "duration": 0},
      {"action": "penup", "duration": 0},
      {"action": "goto", "x": 350, "y": -26, "duration": 0},
      {"action": "pendown", "duration": 0},
      {"action": "setheading", "angle": 0, "duration": 0},
      {"action": "forward", "distance": 15, "duration": 0},
      {"action": "backward", "distance": 30, "duration": 0},
      {"action": "penup", "duration": 0},
      {"action": "goto", "x": 350, "y": -34, "duration": 0},
      {"action": "pendown", "duration": 0},
      {"action": "setheading", "angle": 0, "duration": 0},
      {"action": "forward", "distance": 7.5, "duration": 0},
      {"action": "backward", "distance": 15, "duration": 0},
      {"action": "pensize", "size": 1, "duration": 0},
      {"action": "penup", "duration": 0},
      {"action": "goto", "x": 0, "y": 85, "duration": 0},
      {"action": "pendown", "duration": 0},
      {"action": "write", "text": "LX", "duration": 0},
      {"action": "penup", "duration": 0},
      {"action": "goto", "x": 0, "y": 100, "duration": 0},
      {"action": "pendown", "duration": 0},
      {"action": "setheading", "angle": 90, "duration": 0},
      {"action": "forward", "distance": 50, "duration": 0},
      {"action": "setheading", "angle": 0, "duration": 0},
      {"action": "forward", "distance": 50, "duration": 0},
      {"action": "pensize", "size": 2, "duration": 0},
      {"action": "setheading", "angle": 90, "duration": 0},
      {"action": "circle", "radius": -10, "extent": 180, "duration": 0},
      {"action": "setheading", "angle": 90, "duration": 0},
      {"action": "circle", "radius": -10, "extent": 180, "duration": 0},
      {"action": "setheading", "angle": 90, "duration": 0},
      {"action": "circle", "radius": -10, "extent": 180, "duration": 0},
      {"action": "setheading", "angle": 90, "duration": 0},
      {"action": "circle", "radius": -10, "extent": 180, "duration": 0},
      {"action": "setheading", "angle": 90, "duration": 0},
      {"action": "circle", "radius": -10, "extent": 180, "duration": 0},
      {"action": "pensize", "size": 1, "duration": 0},
      {"action": "setheading", "angle": 0, "duration": 0},
      {"action": "forward", "distance": 100, "duration": 0},
      {"action": "setheading", "angle": 270, "duration": 0},
      {"action": "forward", "distance": 100, "duration": 0},
      {"action": "penup", "duration": 0},
      {"action": "goto", "x": -10, "y": 0, "duration": 0},
      {"action": "pendown", "duration": 0},
      {"action": "write", "text": "max38640", "font": ["Arial", 18, "bold"], "duration": 0}

    ]
  }
  