{
    "title": "Turtle Graphics",
    "commands": [
      {"action": "penup", "duration": 0},
      {"action": "goto", "x": -200, "y": -100, "duration": 0},
      {"action": "pendown", "duration": 0},
      {"action": "pensize", "size": 2, "duration": 0},
      {"action": "setheading", "angle": 90, "duration": 0},
      {"action": "forward", "distance": 200, "duration": 0},
      {"action": "setheading", "angle": 0, "duration": 0},
      {"action": "forward", "distance": 300, "duration": 0},
      {"action": "setheading", "angle": 270, "duration": 0},
      {"action": "forward", "distance": 200, "duration": 0},
      {"action": "setheading", "angle": 180, "duration": 0},
      {"action": "forward", "distance": 300, "duration": 0},
      {"action": "pensize", "size": 1, "duration": 0},
      {"action": "penup", "duration": 0},
      {"action": "goto", "x": -190, "y": -50, "duration": 0},
      {"action": "pendown", "duration": 0},
      {"action": "write", "text": "GND", "duration": 0},
      {"action": "penup", "duration": 0},
      {"action": "goto", "x": -200, "y": -50, "duration": 0},
      {"action": "pendown", "duration": 0},
      {"action": "setheading", "angle": 180, "duration": 0},
      {"action": "forward", "distance": 70, "duration": 0},
      {"action": "setheading", "angle": 270, "duration": 0},
      {"action": "forward", "distance": 30, "duration": 0},
      {"action": "pensize", "size": 2, "duration": 0},
      {"action": "setheading", "angle": 0, "duration": 0},
      {"action": "forward", "distance": 30, "duration": 0},
      {"action": "backward", "distance": 60, "duration": 0},
      {"action": "penup", "duration": 0},
      {"action": "goto", "x": -270, "y": -88, "duration": 0},
      {"action": "pendown", "duration": 0},
      {"action": "setheading", "angle": 0, "duration": 0},
      {"action": "forward", "distance": 15, "duration": 0},
      {"action": "backward", "distance": 30, "duration": 0},
      {"action": "penup", "duration": 0},
      {"action": "goto", "x": -270, "y": -96, "duration": 0},
      {"action": "pendown", "duration": 0},
      {"action": "setheading", "angle": 0, "duration": 0},
      {"action": "forward", "distance": 7.5, "duration": 0},
      {"action": "backward", "distance": 15, "duration": 0},
      {"action": "pensize", "size": 1, "duration": 0},
      {"action": "penup", "duration": 0},
      {"action": "goto", "x": -190, "y": 0, "duration": 0},
      {"action": "pendown", "duration": 0},
      {"action": "write", "text": "EN", "duration": 0},
      {"action": "penup", "duration": 0},
      {"action": "goto", "x": -200, "y": 0, "duration": 0},
      {"action": "pendown", "duration": 0},
      {"action": "setheading", "angle": 180, "duration": 0},
      {"action": "forward", "distance": 70, "duration": 0},
      {"action": "setheading", "angle": 90, "duration": 0},
      {"action": "forward", "distance": 50, "duration": 0},
      {"action": "penup", "duration": 0},
      {"action": "goto", "x": -190, "y": 50, "duration": 0},
      {"action": "pendown", "duration": 0},
      {"action": "write", "text": "VIN", "duration": 0},
      {"action": "penup", "duration": 0},
      {"action": "goto", "x": -200, "y": 50, "duration": 0},
      {"action": "pendown", "duration": 0},
      {"action": "setheading", "angle": 180, "duration": 0},
      {"action": "forward", "distance": 150, "duration": 0},
      {"action": "setheading", "angle": 270, "duration": 0},
      {"action": "forward", "distance": 25, "duration": 0},
      {"action": "pensize", "size": 2, "duration": 0},
      {"action": "setheading", "angle": 0, "duration": 0},
      {"action": "forward", "distance": 30, "duration": 0},
      {"action": "backward", "distance": 60, "duration": 0},
      {"action": "penup", "duration": 0},
      {"action": "goto", "x": -350, "y": 14, "duration": 0},
      {"action": "pendown", "duration": 0},
      {"action": "setheading", "angle": 0, "duration": 0},
      {"action": "forward", "distance": 30, "duration": 0},
      {"action": "backward", "distance": 60, "duration": 0},
      {"action": "forward", "distance": 30, "duration": 0},
      {"action": "pensize", "size": 1, "duration": 0},
      {"action": "setheading", "angle": 270, "duration": 0},
      {"action": "forward", "distance": 30, "duration": 0},
      {"action": "pensize", "size": 2, "duration": 0},
      {"action": "setheading", "angle": 0, "duration": 0},
      {"action": "forward", "distance": 30, "duration": 0},
      {"action": "backward", "distance": 60, "duration": 0},
      {"action": "penup", "duration": 0},
      {"action": "goto", "x": -350, "y": -24, "duration": 0},
      {"action": "pendown", "duration": 0},
      {"action": "setheading", "angle": 0, "duration": 0},
      {"action": "forward", "distance": 15, "duration": 0},
      {"action": "backward", "distance": 30, "duration": 0},
      {"action": "penup", "duration": 0},
      {"action": "goto", "x": -350, "y": -32, "duration": 0},
      {"action": "pendown", "duration": 0},
      {"action": "setheading", "angle": 0, "duration": 0},
      {"action": "forward", "distance": 7.5, "duration": 0},
      {"action": "backward", "distance": 15, "duration": 0},
      {"action": "pensize", "size": 1, "duration": 0},
      {"action": "penup", "duration": 0},
      {"action": "goto", "x": 80, "y": 50, "duration": 0},
      {"action": "pendown", "duration": 0},
      {"action": "write", "text": "SW", "duration": 0},
      {"action": "penup", "duration": 0},
      {"action": "goto", "x": 100, "y": 50, "duration": 0},
      {"action": "pendown", "duration": 0},
      {"action": "setheading", "angle": 0, "duration": 0},
      {"action": "forward", "distance": 70, "duration": 0},
      {"action": "pensize", "size": 2, "duration": 0},
      {"action": "setheading", "angle": 90, "duration": 0},
      {"action": "circle", "radius": -10, "extent": 180, "duration": 0},
      {"action": "setheading", "angle": 0, "duration": 0},
      {"action": "forward", "distance": 300, "duration": 0},
      {"action": "backward", "distance": 20, "duration": 0},
      {"action": "setheading", "angle": 270, "duration": 0},
      {"action": "forward", "distance": 25, "duration": 0},
      {"action": "pensize", "size": 2, "duration": 0},
      {"action": "setheading", "angle": 0, "duration": 0},
      {"action": "forward", "distance": 30, "duration": 0},
      {"action": "backward", "distance": 60, "duration": 0},
      {"action": "penup", "duration": 0},
      {"action": "goto", "x": 550, "y": 14, "duration": 0},
      {"action": "pendown", "duration": 0},
      {"action": "setheading", "angle": 0, "duration": 0},
      {"action": "forward", "distance": 30, "duration": 0},
      {"action": "backward", "distance": 60, "duration": 0},
      {"action": "forward", "distance": 30, "duration": 0},
      {"action": "pensize", "size": 1, "duration": 0},
      {"action": "setheading", "angle": 270, "duration": 0},
      {"action": "forward", "distance": 30, "duration": 0},
      {"action": "pensize", "size": 2, "duration": 0},
      {"action": "setheading", "angle": 0, "duration": 0},
      {"action": "forward", "distance": 30, "duration": 0},
      {"action": "backward", "distance": 60, "duration": 0},
      {"action": "penup", "duration": 0},
      {"action": "goto", "x": 550, "y": -24, "duration": 0},
      {"action": "pendown", "duration": 0},
      {"action": "setheading", "angle": 0, "duration": 0},
      {"action": "forward", "distance": 15, "duration": 0},
      {"action": "backward", "distance": 30, "duration": 0},
      {"action": "penup", "duration": 0},
      {"action": "goto", "x": 550, "y": -32, "duration": 0},
      {"action": "pendown", "duration": 0},
      {"action": "setheading", "angle": 0, "duration": 0},
      {"action": "forward", "distance": 7.5, "duration": 0},
      {"action": "backward", "distance": 15, "duration": 0},
      {"action": "pensize", "size": 1, "duration": 0},
      {"action": "penup", "duration": 0},
      {"action": "goto", "x": 320, "y": 50, "duration": 0},
      {"action": "pendown", "duration": 0},
      {"action": "setheading", "angle": 270, "duration": 0},
      {"action": "forward", "distance": 20, "duration": 0},
      {"action": "pensize", "size": 2, "duration": 0},
      {"action": "setheading", "angle": 330, "duration": 0},
      {"action": "forward", "distance": 7, "duration": 0},
      {"action": "setheading", "angle": 210, "duration": 0},
      {"action": "forward", "distance": 14, "duration": 0},
      {"action": "setheading", "angle": 330, "duration": 0},
      {"action": "forward", "distance": 14, "duration": 0},
      {"action": "setheading", "angle": 210, "duration": 0},
      {"action": "forward", "distance": 14, "duration": 0},
      {"action": "setheading", "angle": 330, "duration": 0},
      {"action": "forward", "distance": 14, "duration": 0},
      {"action": "setheading", "angle": 210, "duration": 0},
      {"action": "forward", "distance": 14, "duration": 0},
      {"action": "setheading", "angle": 330, "duration": 0},
      {"action": "forward", "distance": 14, "duration": 0},
      {"action": "setheading", "angle": 210, "duration": 0},
      {"action": "forward", "distance": 14, "duration": 0},
      {"action": "setheading", "angle": 330, "duration": 0},
      {"action": "forward", "distance": 7, "duration": 0},
      {"action": "pensize", "size": 1, "duration": 0},
      {"action": "setheading", "angle": 270, "duration": 0},
      {"action": "forward", "distance": 24, "duration": 0},
      {"action": "penup", "duration": 0},
      {"action": "goto", "x": 80, "y": -50, "duration": 0},
      {"action": "pendown", "duration": 0},
      {"action": "write", "text": "FB", "duration": 0},
      {"action": "penup", "duration": 0},
      {"action": "goto", "x": 100, "y": -50, "duration": 0},
      {"action": "pendown", "duration": 0},
      {"action": "setheading", "angle": 0, "duration": 0},
      {"action": "forward", "distance": 70, "duration": 0},
      {"action": "setheading", "angle": 270, "duration": 0},
      {"action": "forward", "distance": 30, "duration": 0},
      {"action": "pensize", "size": 2, "duration": 0},
      {"action": "setheading", "angle": 330, "duration": 0},
      {"action": "forward", "distance": 7, "duration": 0},
      {"action": "setheading", "angle": 210, "duration": 0},
      {"action": "forward", "distance": 14, "duration": 0},
      {"action": "setheading", "angle": 330, "duration": 0},
      {"action": "forward", "distance": 14, "duration": 0},
      {"action": "setheading", "angle": 210, "duration": 0},
      {"action": "forward", "distance": 14, "duration": 0},
      {"action": "setheading", "angle": 330, "duration": 0},
      {"action": "forward", "distance": 14, "duration": 0},
      {"action": "setheading", "angle": 210, "duration": 0},
      {"action": "forward", "distance": 14, "duration": 0},
      {"action": "setheading", "angle": 330, "duration": 0},
      {"action": "forward", "distance": 7, "duration": 0},
      {"action": "pensize", "size": 1, "duration": 0},
      {"action": "setheading", "angle": 270, "duration": 0},
      {"action": "forward", "distance": 30, "duration": 0},
      {"action": "pensize", "size": 2, "duration": 0},
      {"action": "setheading", "angle": 0, "duration": 0},
      {"action": "forward", "distance": 30, "duration": 0},
      {"action": "backward", "distance": 60, "duration": 0},
      {"action": "penup", "duration": 0},
      {"action": "goto", "x": 170, "y": -178, "duration": 0},
      {"action": "pendown", "duration": 0},
      {"action": "setheading", "angle": 0, "duration": 0},
      {"action": "forward", "distance": 15, "duration": 0},
      {"action": "backward", "distance": 30, "duration": 0},
      {"action": "penup", "duration": 0},
      {"action": "goto", "x": 170, "y": -190, "duration": 0},
      {"action": "pendown", "duration": 0},
      {"action": "setheading", "angle": 0, "duration": 0},
      {"action": "forward", "distance": 7.5, "duration": 0},
      {"action": "backward", "distance": 15, "duration": 0},
      {"action": "pensize", "size": 1, "duration": 0},
      {"action": "penup", "duration": 0},
      {"action": "goto", "x": 170, "y": -50, "duration": 0},
      {"action": "pendown", "duration": 0},
      {"action": "setheading", "angle": 0, "duration": 0},
      {"action": "forward", "distance": 250, "duration": 0},
      {"action": "setheading", "angle": 90, "duration": 0},
      {"action": "forward", "distance": 30, "duration": 0},
      {"action": "pensize", "size": 2, "duration": 0},
      {"action": "setheading", "angle": 0, "duration": 0},
      {"action": "forward", "distance": 30, "duration": 0},
      {"action": "backward", "distance": 60, "duration": 0},
      {"action": "penup", "duration": 0},
      {"action": "goto", "x": 420, "y": -10, "duration": 0},
      {"action": "pendown", "duration": 0},
      {"action": "setheading", "angle": 0, "duration": 0},
      {"action": "forward", "distance": 30, "duration": 0},
      {"action": "backward", "distance": 60, "duration": 0},
      {"action": "forward", "distance": 30, "duration": 0},
      {"action": "pensize", "size": 1, "duration": 0},
      {"action": "setheading", "angle": 90, "duration": 0},
      {"action": "forward", "distance": 60, "duration": 0},
      {"action": "penup", "duration": 0},
      {"action": "goto", "x": -100, "y": 0, "duration": 0},
      {"action": "pendown", "duration": 0},
      {"action": "write", "text": "TPS62240", "font": ["Arial", 20, "bold"], "duration": 0},
      {"action": "done", "duration": 0}


    ]
  }
  