{
    "title": "Turtle Graphics",
    "commands": [
      {"action": "penup", "duration": 0},
      {"action": "goto", "x": -100, "y": -100, "duration": 0},
      {"action": "pendown", "duration": 0},
      {"action": "pensize", "size": 2, "duration": 0},
      {"action": "setheading", "heading": 90, "duration": 0},
      {"action": "forward", "distance": 320, "duration": 0},
      {"action": "setheading", "heading": 0, "duration": 0},
      {"action": "forward", "distance": 300, "duration": 0},
      {"action": "setheading", "heading": 270, "duration": 0},
      {"action": "forward", "distance": 320, "duration": 0},
      {"action": "setheading", "heading": 180, "duration": 0},
      {"action": "forward", "distance": 300, "duration": 0},
      {"action": "pensize", "size": 1, "duration": 0},

      {"action": "penup", "duration": 0},
    {"action": "goto", "x": 200, "y": -60, "duration": 0},
    {"action": "pendown", "duration": 0},
    {"action": "setheading", "heading": 0, "duration": 0},
    {"action": "forward", "distance": 150, "duration": 0},
    {"action": "setheading", "heading": 270, "duration": 0},
    {"action": "forward", "distance": 30, "duration": 0},


    {"action": "pensize", "size": 2, "duration": 0},
    {"action": "setheading", "heading": 0, "duration": 0},
    {"action": "forward", "distance": 30, "duration": 0},
    {"action": "backward", "distance": 60, "duration": 0},
    {"action": "penup", "duration": 0},
    {"action": "goto", "x": 350, "y": -98, "duration": 0},
    {"action": "pendown", "duration": 0},
    {"action": "setheading", "heading": 0, "duration": 0},
    {"action": "forward", "distance": 15, "duration": 0},
    {"action": "backward", "distance": 30, "duration": 0},
    {"action": "penup", "duration": 0},
    {"action": "goto", "x": 350, "y": -106, "duration": 0},
    {"action": "pendown", "duration": 0},
    {"action": "setheading", "heading": 0, "duration": 0},
    {"action": "forward", "distance": 7.5, "duration": 0},
    {"action": "backward", "distance": 15, "duration": 0},
    {"action": "pensize", "size": 1, "duration": 0},
    {"action": "penup", "duration": 0},
    {"action": "goto", "x": 200, "y": -20, "duration": 0},
    {"action": "pendown", "duration": 0},
    {"action": "setheading", "heading": 0, "duration": 0},
    {"action": "forward", "distance": 100, "duration": 0},
    {"action": "penup", "duration": 0},
    {"action": "goto", "x": 200, "y": 20, "duration": 0},
    {"action": "pendown", "duration": 0},
    {"action": "setheading", "heading": 0, "duration": 0},
    {"action": "forward", "distance": 100, "duration": 0},
    {"action": "penup", "duration": 0},
    {"action": "goto", "x": 200, "y": 60, "duration": 0},
    {"action": "pendown", "duration": 0},
    {"action": "setheading", "heading": 0, "duration": 0},
    {"action": "forward", "distance": 100, "duration": 0},
    {"action": "stamp", "duration": 0},
    {"action": "penup", "duration": 0},
    {"action": "goto", "x": 200, "y": 100, "duration": 0},
    {"action": "pendown", "duration": 0},
    {"action": "setheading", "heading": 0, "duration": 0},
    {"action": "forward", "distance": 100, "duration": 0},
    {"action": "stamp", "duration": 0},
    {"action": "penup", "duration": 0},
    {"action": "goto", "x": 200, "y": 140, "duration": 0},
    {"action": "pendown", "duration": 0},
    {"action": "setheading", "heading": 0, "duration": 0},
    {"action": "forward", "distance": 100, "duration": 0},
    {"action": "penup", "duration": 0},
    {"action": "goto", "x": 200, "y": 180, "duration": 0},
    {"action": "pendown", "duration": 0},
    {"action": "setheading", "heading": 0, "duration": 0},
    {"action": "forward", "distance": 100, "duration": 0},
    {"action": "stamp", "duration": 0},

    {"action": "penup", "duration": 0},
    {"action": "goto", "x": -100, "y": -60, "duration": 0},
    {"action": "pendown", "duration": 0},
    {"action": "setheading", "heading": 180, "duration": 0},
    {"action": "forward", "distance": 100, "duration": 0},
    {"action": "setheading", "heading": 270, "duration": 0},
    {"action": "forward", "distance": 30, "duration": 0},


    







    ]
  }
  