{
  "title": "Turtle Graphics",
  "commands": [
    {
      "action": "speed",
      "duration": 0
    },
    {
      "action": "penup",
      "duration": 0
    },
    {
      "action": "goto",
      "duration": 0,
      "x": 150,
      "y": 0
    },
    {
      "action": "pendown",
      "duration": 0
    },
    {
      "action": "pensize",
      "duration": 0,
      "size": 3
    },
    {
      "action": "fillcolor",
      "duration": 0
    },
    {
      "action": "begin_fill",
      "duration": 0
    },
    {
      "action": "setheading",
      "duration": 0,
      "angle": 90
    },
    {
      "action": "end_fill",
      "duration": 0
    },
    {
      "action": "penup",
      "duration": 0
    },
    {
      "action": "goto",
      "duration": 0,
      "x": -24,
      "y": 100
    },
    {
      "action": "pendown",
      "duration": 0
    },
    {
      "action": "fillcolor",
      "duration": 0
    },
    {
      "action": "begin_fill",
      "duration": 0
    },
    {
      "action": "setheading",
      "duration": 0,
      "angle": 270
    },
    {
      "action": "end_fill",
      "duration": 0
    },
    {
      "action": "penup",
      "duration": 0
    },
    {
      "action": "goto",
      "duration": 0,
      "x": 63,
      "y": 50
    },
    {
      "action": "pendown",
      "duration": 0
    },
    {
      "action": "pensize",
      "duration": 0,
      "size": 3
    },
    {
      "action": "setheading",
      "duration": 0,
      "angle": 90
    },
    {
      "action": "forward",
      "duration": 0,
      "distance": 100
    },
    {
      "action": "setheading",
      "duration": 0,
      "angle": 150
    },
    {
      "action": "forward",
      "duration": 0,
      "distance": 30
    },
    {
      "action": "penup",
      "duration": 0
    },
    {
      "action": "goto",
      "duration": 0,
      "x": 63,
      "y": 50
    },
    {
      "action": "pendown",
      "duration": 0
    },
    {
      "action": "setheading",
      "duration": 0,
      "angle": 270
    },
    {
      "action": "forward",
      "duration": 0,
      "distance": 100
    },
    {
      "action": "setheading",
      "duration": 0,
      "angle": 330
    },
    {
      "action": "forward",
      "duration": 0,
      "distance": 30
    },
    {
      "action": "penup",
      "duration": 0
    },
    {
      "action": "goto",
      "duration": 0,
      "x": 63,
      "y": 50
    },
    {
      "action": "pendown",
      "duration": 0
    },
    {
      "action": "setheading",
      "duration": 0,
      "angle": 0
    },
    {
      "action": "pensize",
      "duration": 0,
      "size": 2
    },
    {
      "action": "forward",
      "duration": 0,
      "distance": 200
    },
    {
      "action": "backward",
      "duration": 0,
      "distance": 400
    },
    {
      "action": "penup",
      "duration": 0
    },
    {
      "action": "goto",
      "duration": 0,
      "x": 10,
      "y": 190
    },
    {
      "action": "pendown",
      "duration": 0
    },
    {
      "action": "write",
      "duration": 0
    },
    {
      "action": "done",
      "duration": 0
    }
  ]
}