{
  "title": "Turtle Graphics",
  "commands": [
    {
      "action": "speed",
      "duration": 0
    },
    {
      "action": "pensize",
      "duration": 0,
      "size": 2
    },
    {
      "action": "setheading",
      "duration": 0,
      "angle": 90
    },
    {
      "action": "forward",
      "duration": 0,
      "distance": 100
    },
    {
      "action": "setheading",
      "duration": 0,
      "angle": 0
    },
    {
      "action": "forward",
      "duration": 0,
      "distance": 100
    },
    {
      "action": "setheading",
      "duration": 0,
      "angle": 270
    },
    {
      "action": "forward",
      "duration": 0,
      "distance": 100
    },
    {
      "action": "setheading",
      "duration": 0,
      "angle": 180
    },
    {
      "action": "forward",
      "duration": 0,
      "distance": 100
    },
    {
      "action": "pensize",
      "duration": 0,
      "size": 1
    },
    {
      "action": "penup",
      "duration": 0
    },
    {
      "action": "goto",
      "duration": 0,
      "x": 100,
      "y": 50
    },
    {
      "action": "pendown",
      "duration": 0
    },
    {
      "action": "setheading",
      "duration": 0,
      "angle": 0
    },
    {
      "action": "forward",
      "duration": 0,
      "distance": 100
    },
    {
      "action": "penup",
      "duration": 0
    },
    {
      "action": "goto",
      "duration": 0,
      "x": 30,
      "y": 40
    },
    {
      "action": "pendown",
      "duration": 0
    },
    {
      "action": "write",
      "duration": 0
    },
    {
      "action": "done",
      "duration": 0
    }
  ]
}